règle	cluster	
0.146666666667	0.04	
0.188235294118	0.0117647058824	
0.13	0.01	
0.181818181818	0.0681818181818	
0.105263157895	0.0736842105263	
0.0588235294118	0.0882352941176	
0.11	0.04	
0.0666666666667	0.0111111111111	
0.0943396226415	0.0943396226415	
0.078431372549	0.117647058824	
0.0617283950617	0.16049382716	
0.0588235294118	0.156862745098	